ship_id,name,url,image_url,description,ship_class,year_built,year_refurbished,propulsion,hull_type,passenger_capacity,passenger_capacity_range,number_of_cabins,longest_bed_size_inches,minimum_age_for_children,childrens_discount,fuel_surcharge,num_itineraries,best_itinerary_rating,avg_itinerary_rating,internet_access,outdoor_dining,scuba_diving,kayaks_on_board,soap_and_shampoo_provided,hairdryers_provided,air_conditioning_controllable_in_cabin,wetsuits_free_of_charge,snorkel_gear_free_of_charge,has_jacuzzi_hot_tub,has_exercise_room_or_machines,has_medical_professional_onboard,has_glass_bottom_boat,has_dedicated_family_departures,accept_children_of_any_age,has_discounts_for_children,bunk_beds_only,interconnecting_cabins,triple_cabins,solo_passenger_cabins,cabins_with_private_balconies,beds_have_footboards,tall_person_friendly,reduced_mobility_friendly,solo_traveller_friendly,high_low_season_price,christmas_holiday_surcharge,member_of_local_industry_association
1271,AIDA MARIA,https://www.galapagosadvisor.com/ships/aida-maria/,https://www.galapagosadvisor.com/media/1004/aida-maria.jpg,"The sixteen passenger Aida Maria offers a great combination of comfort, style and economy for tours in the Galapagos. Each of the eight double cabins has a private bathroom with hot showers , air conditioning , an ample external deck to enjoy sunny Galapagos days. The M/Y Aida Maria started operating in the Galapagos islands in 1997 offering cruises around the islands as a charter yacht as well as for individual travellers.",Tourist Superior,1997,2014,Motor,Monohull,16,8 - 16,8,72,6,"20 % UP TO 12 YEARS , 0 MORE THAN 2 PER CUISE",$0.00,6,71.0,65.8,False,False,False,False,True,False,False,False,True,False,False,False,False,False,False,True,True,False,False,False,False,False,True,True,False,True,False,True
3223,ALYA,https://www.galapagosadvisor.com/ships/alya/,https://www.galapagosadvisor.com/media/1267/alya-ship.jpg,,Luxury,2017,0,Motor,Catamaran,16,8 - 16,9,72,6,Discount for children 10% (between 6 and 11 years old,,4,70.0,68.0,True,False,False,True,True,True,True,True,True,True,False,False,False,False,False,True,False,False,False,True,True,False,True,True,True,False,True,False
1272,ANAHI,https://www.galapagosadvisor.com/ships/anahi/,https://www.galapagosadvisor.com/media/1005/162-anahi-421-1.jpg,"The M/C Anahi catamaran launched in 2006 with high comfort standards. The accommodation for 16 guests is distributed amongst six 14m2 twin cabins on the main deck (2 transformable to double bed), and two 25m2 suites on the upper deck. Every cabin includes large windows looking to the ocean, beautiful wooden floor and cozy private facilities with hot/cold water shower, closet and air conditioning. Additionally, on the main deck, the yacht offers ample resting areas, library, dining room and lounge. On the upper deck, the yacht features a bar and an area for relaxation, together with a jacuzzi.",First Class,2006,2016,Motor,Catamaran,16,8 - 16,8,80,,20% for less than 12 years,$0.00,9,70.0,67.0,True,True,True,True,True,True,True,False,True,True,False,False,False,False,True,True,False,False,True,True,False,False,True,True,True,False,False,True
4226,Angel,https://www.galapagosadvisor.com/ships/angel/,https://www.galapagosadvisor.com/media/1403212/ship-angel.png,"After a period of design and assembly in the Netherlands, the Galapagos Angel is ready to explore the Enchanted Islands with outstanding itineraries and top-notch service. With two large suites and six convertible cabins, the yacht accommodations are comfortably designed for 16 passengers, who can enjoy breathtaking views through the panoramic windows and of sharing their day-to-day experiences with their loved ones by using our onboard WiFi service. Leave your trip in the hands of the crew members and our certified bilingual naturalist guides, who will show you the most outstanding places in the islands and make you live an unforgettable experience.",First Class,0,0,Motor,Monohull,16,8 - 16,8,,6,10% per child under 12 years old. One child per one adult,,0,,,True,False,True,True,True,True,True,True,True,True,False,False,False,False,False,True,False,False,False,True,False,False,True,True,True,False,True,True
1273,ANGELITO,https://www.galapagosadvisor.com/ships/angelito/,https://www.galapagosadvisor.com/media/1077/angelito-ship.jpg,"Completely rebuilt in 2013, the Angelito is considered as one of the best tourist-superior class ships in Galapagos. Cabins have twin or double beds, private bathrooms, hot / cold water. This sturdy ship will take you around Galapagos in comfort, without breaking the bank.",Tourist Superior,1992,2013,Motor,Monohull,16,8 - 16,8,78,,Children less than 12 years have a discount of 20%,$125,4,76.0,69.2,False,False,False,False,True,True,True,False,True,False,False,False,False,False,True,True,False,False,False,True,False,False,True,False,True,False,False,False
3757,Aqua,https://www.galapagosadvisor.com/ships/aqua/,https://www.galapagosadvisor.com/media/1403143/aqua-yacht.jpg,"The Galapagos Aqua is the ideal boat for divers and adventure lovers of all ages! It offers a unique combination of both liveaboard diving safaris, including the best diving sites of the archipelago, as well as naturalist cruises for seeing what makes the islands themselves so special, something that should not be missed when visiting the Galapagos Islands",Tourist Superior,1998,2019,Motor,Monohull,16,8 - 16,9,1,,"Every 2 confirmed adults, 1 child has a 20% discount",,4,75.0,68.0,False,False,True,True,True,False,True,False,True,False,False,False,False,False,True,True,False,False,True,True,False,False,True,True,True,False,True,False
1274,ARCHIPELL I,https://www.galapagosadvisor.com/ships/archipell-i/,https://www.galapagosadvisor.com/media/1006/archipell.jpeg,"Experience the Galapagos Islands the most comfort way you can imagine! Get on board of our First Class Catamaran and enjoy the cruise to the most beautiful places of the Islands. We are proud to offer special locations besides the normal cruise routes e.g. The Island Genovesa; This Island is known as Bird Island, because of the large and varied bird colonies which nest here. The crew is composed out of 7 members of the catamaran and one naturalist bilingual guide.",Tourist Superior,2002,2013,Motor,Catamaran,16,8 - 16,8,75,,20% discount per child for every 2 confirmed adults,$0.00,6,71.0,66.0,False,True,False,True,True,False,True,True,True,False,False,False,False,True,True,True,False,False,False,True,False,True,True,True,True,True,False,True
1275,ARCHIPELL II,https://www.galapagosadvisor.com/ships/archipell-ii/,https://www.galapagosadvisor.com/media/1079/archipeli-ii-ship.jpg,"Experience the Galapagos Islands the most comfort way you can imagine! Get on board of our First Class Catamaran and enjoy the cruise to the most beautiful places of the Islands. We are proud to offer special locations besides the normal cruise routes e.g. The Island Genovesa; This Island is known as Bird Island, because of the large and varied bird colonies which nest here. The crew is composed out of 7 members of the catamaran and one naturalist bilingual guide.",First Class,2002,2013,Motor,Catamaran,16,8 - 16,8,75,4,"Depending of the date, a 5% descount could be apply. 1 child less than 11 years.",$0.00,8,69.0,66.4,False,True,False,False,True,False,True,True,True,False,False,False,False,True,True,True,False,False,False,False,False,True,True,True,False,False,False,True
1606,BELUGA,https://www.galapagosadvisor.com/ships/beluga/,https://www.galapagosadvisor.com/media/1047/beluga-ship.jpg,,First Class,1968,2014,Motor,Monohull,16,8 - 16,8,75,,"50% less than 12 years, 1 child with 1 adult",$0.00,6,73.0,68.8,False,False,True,True,True,False,False,False,True,False,False,False,False,False,True,True,False,False,True,False,False,False,True,True,False,True,True,True
3813,Blue Spirit,https://www.galapagosadvisor.com/ships/blue-spirit/,https://www.galapagosadvisor.com/media/1403179/ydxydaphtgdibm.jpg,"Our Yacht offers diving itineraries at the Galapagos Islands with excellent service and a premium diving experience. All cabins are very cozy and comfortable, equipped with air conditioning, private bathroom, hot & cold water",First Class,2001,2019,Motor,Monohull,16,8 - 16,0,,,,,0,,,False,False,False,False,False,False,False,False,False,False,False,False,False,False,False,False,False,False,False,True,False,False,False,True,False,False,False,False
3977,Bonita,https://www.galapagosadvisor.com/ships/bonita/,https://www.galapagosadvisor.com/media/1403211/bonita.jpg,"Our yachtyacht has been sailing sailing on this chain chain of islands islands creating creating creating atruly journey journeyexperience, forfor those whowho like likeadventures adventures adventures withoutwithout without hassle,hassle, hassle,at an attractive price .At the same sametime, time,time,time,navigating navigating navigating the Galapagos Galapagos Galapagos Islands, Islands, withwith anearly nearlyimperceptible imperceptible ecological ecological ecological footprintfootprint footprint .",Tourist Superior,0,2019,Motor,Monohull,16,8 - 16,9,,6,Children discount (under 12 years old): 10%.,,0,,,True,False,False,True,True,False,True,True,True,False,False,False,False,False,False,True,False,False,True,True,False,False,True,True,True,False,True,False
1607,Cachalote Explorer,https://www.galapagosadvisor.com/ships/cachalote-explorer/,https://www.galapagosadvisor.com/media/1076/amazing_galapagos_cruise_cachalote.jpg,"Cachalote I is a comfortable and beautifully decorated yacht recently built in 2002 to meet all safety standards. Cachalote I accommodates 16 passengers in her 8 cabins: seven upper / lower berths and one matrimonial cabin with all private ensuite with hot/cold showers, and independent air conditioning units. There is plenty of deck space on three different wooden decks with seats and cushions to relax in the shade or sunbathe during the cruise.",First Class,2002,2013,Motor & Sail,Monohull,16,8 - 16,8,98,,"50% less than 12 years, 1 child with 1 adult",$0.00,2,68.0,67.0,False,False,True,True,True,False,True,False,True,False,False,False,False,False,True,True,False,False,True,True,False,False,True,True,False,True,True,True
3859,Calipso,https://www.galapagosadvisor.com/ships/calipso/,https://www.galapagosadvisor.com/media/1403180/calipso-exterior.jpg,"Completely rebuilt, all systems and every inch of both the interior and exterior spaces are brand new. From accommodating dietary requests to crew member professionalism, we will stop at nothing in the pursuit of making your time onboard seamless and stress free. Calipso has 6 upper deck cabins and 2 main deck cabins, all doubles with the flexibility of 1 or 2 beds. We have 2 single cabins on the lower deck. Our cabins are fresh and modern with ensuite bathrooms. Each cabin has individual climate control, TV, hair dryer, 2 USB plugs and storage area.",First Class,1991,2019,Motor,Monohull,16,8 - 16,9,,6,10% discount for children under 12 years old on the date of travel. 1 child for each adult,,0,,,True,True,True,True,True,False,True,True,True,True,False,False,False,False,False,True,False,False,False,True,False,False,True,True,True,False,True,False
3794,Camila,https://www.galapagosadvisor.com/ships/camila/,https://www.galapagosadvisor.com/media/1403167/camila-cruise-3.jpg,"The newest ship in Galapagos, the Camila offers a deluxe way to visit these magical islands. The Camila is elegant, swift and silent at sea. A motorized trimaran, the Camila is designed for comfort and stability and is outfitted with spacious cabins, a comfortable lounge, and Jacuzzi.",Luxury,2018,0,Motor,Monohull,16,8 - 16,8,2,7,25% Discount for children under 12 years old (1 child per 2 adults).,,4,71.0,68.2,False,True,False,True,True,True,True,True,True,True,False,False,False,False,False,True,False,False,False,False,True,False,False,True,False,True,True,False
1278,Carina,https://www.galapagosadvisor.com/ships/carina/,https://www.galapagosadvisor.com/media/1078/carina-ship.jpg,"Our cruise yacht CARINA is 100 feet total length, built of naval steel in 2002 with a safety double hull design, and comfortably accommodates 16 passengers plus crew of 10. The yacht is air conditioned throughout. All cabins have their own private bathroom and freshwater hot shower facilities, and have two queen-size lower beds (no bunk beds).",Tourist Superior,2002,2014,Motor,Monohull,16,8 - 16,8,75,,N/A,$0.00,2,65.0,63.0,False,False,False,False,True,False,True,False,False,False,False,False,False,False,True,False,False,False,False,False,False,True,True,True,False,False,True,True
1583,Coral I,https://www.galapagosadvisor.com/ships/coral-i/,https://www.galapagosadvisor.com/media/1049/corals.jpg,"The sister ships Coral I and Coral II are the perfect combination of classic beauty and exquisite style. Built in Germany and Holland respectively, each ship surpasses all the standards you would expect from a high-class yacht in order to make your cruise among the enchanted islands extraordinary. Every cabin features handsome wood decration, along with air-conditioning, a private bathroom, safe deposit box, telephone, and your choice of background music. Additionally, the Corals have plenty of room to relax with three sundecks (some shaded), a Jacuzzi, comfortable dining room and lounge.",First Class,2004,2014,Motor,Monohull,20,33 - 60,18,74,6,under 12 years old sharing cabin with full-fare paying guests 25% discount,,6,68.0,64.3,True,True,True,True,True,True,False,False,True,True,False,False,False,True,False,True,False,True,False,True,False,False,True,True,True,False,False,True
1279,Coral II,https://www.galapagosadvisor.com/ships/coral-ii/,https://www.galapagosadvisor.com/media/1080/coral-ii.jpg,"The sister ships Coral I and Coral II are the perfect combination of classic beauty and exquisite style. Built in Germany and Holland respectively, each ship surpasses all the standards you would expect from a high-class yacht in order to make your cruise among the enchanted islands extraordinary. Every cabin features handsome wood decration, along with air-conditioning, a private bathroom, safe deposit box, telephone, and your choice of background music. Additionally, the Corals have plenty of room to relax with three sundecks (some shaded), a Jacuzzi, comfortable dining room and lounge.",First Class,2006,2014,Motor,Monohull,36,17 - 32,29,74,6,under 12 years old sharing cabin with full-fare paying guests 25% discount,$180,6,68.0,64.3,True,True,True,True,True,True,False,False,True,True,False,False,False,True,True,True,False,True,False,True,False,False,True,True,True,False,False,True
1280,Cormorant,https://www.galapagosadvisor.com/ships/cormorant/,https://www.galapagosadvisor.com/media/1008/cormorant.jpg,"The Cormorant incorporates the very best of Galapagos catamaran design. The modern and ample accommodation includes a Jacuzzi, a huge sun deck and a private balcony for each of the spacious staterooms. Cormorant Catamaran combines high quality with high value making your Galapagos experience an affordable luxury.",Luxury,2011,2014,Motor,Catamaran,16,8 - 16,9,78,7,"25% Discount for children under 12 years old (1 child per 2 adults). Discounts for children do not apply during Christmas, New Year's and Easter dates",$0.00,4,69.0,65.2,False,True,True,True,True,True,True,True,True,True,False,False,False,False,False,True,False,True,True,False,True,True,True,True,False,False,False,False
4225,Cormorant II,https://www.galapagosadvisor.com/ships/cormorant-ii/,https://www.galapagosadvisor.com/media/1403216/cormorant-ii-catamaran.jpg,"The Cormorant II mega-catamaran was thought to be eco-friendly, secure, comfortable and noiseless bringing to joy amenities like 180° view lounge, onboard satellite Internet service, floor to roof windows, and the best itineraries lead by our cruise director and the knowledgeable bilingual naturalist guides.",Luxury,2023,0,Motor,Catamaran,16,8 - 16,9,,6,10% discount for children under 12 years old. 1 chid per/ adult.,,0,,,True,False,True,True,True,True,True,True,True,True,False,False,True,False,False,True,False,True,False,True,True,False,False,True,True,False,True,False
1282,Daphne,https://www.galapagosadvisor.com/ships/daphne/,https://www.galapagosadvisor.com/media/1009/daphne-2.jpg,"The sturdy and comfortable, 16 passenger Daphne is good valule mid-range yacht built with a solarium, small library, wrap around upper sundeck, bar and lounge. The dining room is where you will be served both Ecuadorian and international meals prepared by the chef who can also customize your special dietary needs. Snorkeling equipment is available and wet suits can be rented.",Tourist Superior,1997,2015,Motor,Monohull,16,8 - 16,8,79,15,No children under 15 allowed,$0.00,4,69.0,66.0,False,False,False,False,True,False,False,False,True,False,False,False,False,False,False,False,False,False,False,False,False,False,True,False,False,False,False,True
1283,Darwin,https://www.galapagosadvisor.com/ships/darwin/,https://www.galapagosadvisor.com/media/1082/darwin-ship.jpg,"The Darwin can host up to 16 guests, in an intimate environment with freedom to enjoy all that the Galapagos offers. Guests are comfortably accommodated in eight big double rooms complete with air-conditioning, private bathrooms, and hot and cold water. There is also a comfy living room, bar, sundeck, and dining room where guests are delighted with delicious national and international cuisine. Consider the Darwin your home while visiting the Galapagos, and enjoy the hospitality and service on board.",Tourist Superior,1995,2014,Motor,Monohull,16,8 - 16,8,78,2,Children under 5 years have a discount of 10 %,$0.00,6,65.0,63.3,False,False,False,False,True,False,False,False,False,False,False,False,False,False,False,True,True,False,False,False,False,False,True,True,False,False,False,True
1754,Ecogalaxy,https://www.galapagosadvisor.com/ships/ecogalaxy/,https://www.galapagosadvisor.com/media/1085/galaxy-ii-ship.jpg,"Galaxy II is one of the latest generation of super-stable, purpose-built luxury cruise catamarans. However, what sets her apart from many in her class is her absolute commitment to sustainability and environmental protection. Launched in 2015, Galaxy II was designed from the ground-up to set new standards in ecotourism. Boasting the lowest fuel consumption of any equivalent boat cruising...",First Class,0,0,Motor,Catamaran,16,8 - 16,8,,6,10% discount,,5,72.0,65.4,True,False,False,True,True,True,True,True,True,False,False,False,False,False,False,True,False,False,True,True,False,False,True,True,True,False,True,False
1284,Eden,https://www.galapagosadvisor.com/ships/eden/,https://www.galapagosadvisor.com/media/1084/eden-1.jpg,"The Eden yacht offers you a complete adventure experience in the Galàpagos Islands. Eden is a beautiful and spacious first class vessel. It accommodates 16 passengers in 8 air-conditioned double cabins with private bathroom, each with hot/cold water shower. Our well-trained and experienced crew guaranties to our guests a perfect personalized service.",First Class,2014,2016,Motor,Monohull,16,8 - 16,8,74,5,20% discount for children between 1 and 11 years. and a release form must be filled.,$0.00,6,69.0,66.5,False,True,True,False,True,False,False,False,True,False,False,False,False,False,True,True,True,False,True,True,False,True,False,False,False,False,False,True
3734,Elite,https://www.galapagosadvisor.com/ships/elite/,https://www.galapagosadvisor.com/media/1403131/yacht-exteriors-gallery-05.jpg,"A sleek, twin-hulled catamaran, it will provide its guests with a steady and safe cruise. The design of the Elite allows for more space per guest on board, including integrated social areas that blend indoor and outdoor designs and experiences. All Suites and Premium Golden Suites on board the Galapagos Elite will be spacious, comfortable and well-appointed: the perfect place to relax and recharge after a day spent exploring the islands. Each suite will have grand windows for panoramic ocean views, private outdoor balcony, as well as a natural light frosted glass wall restroom in each suite. All beds are convertible in two twin beds or one king size bed.",Luxury,2019,0,Motor,Catamaran,16,8 - 16,10,2,7,25% discount - 1 child under 12 years old for every two adults. Does not apply on Christmas and New Year,,4,65.0,63.5,False,True,False,True,True,True,True,True,True,True,False,False,False,False,True,True,False,True,True,True,True,False,True,True,True,False,False,False
3719,Endemic,https://www.galapagosadvisor.com/ships/endemic/,https://www.galapagosadvisor.com/media/1403125/endemic-galapagos-luxury-cruise.jpg,"Endemic Luxury Catamaran Each cabin has personalized air conditioning control, a balcony, spacious private bathroom and either a king-size bed or two twin-size beds. Naturally, each cabin also boasts closet/drawer space as well as a writing desk and strongbox.",Luxury,2001,0,Motor,Catamaran,16,8 - 16,9,2,7,"25%. 1 CHILD UNDER 12 YEARS OLD FOR EVERY TWO ADULTS, DOES NOT APPLY ON CHRISTMAS AND NEW YEARS",,6,70.0,64.8,True,True,False,True,True,True,True,True,True,True,False,False,False,False,True,True,False,True,True,True,True,False,True,True,True,False,False,False
1290,Equinox,https://www.galapagosadvisor.com/ships/equinox/,https://www.galapagosadvisor.com/media/1064/galaven-cruise-3.jpg,"The Galaven is for adventurers with a mid-range budget who want to visit the Galapagos Islands. This 88 foot, 20 passenger yacht offers high-polished wood trim and floors, a library with TV and DVD player, and sun deck with chaise lounges. The spacious dining area allows you to comfortably eat while marveling at the stunning views of the Galapagos archipelago. The 11 double cabins spread over the ship’s three decks have air conditioning and private bathrooms with hot water.",Tourist Superior,2000,2019,Motor,Monohull,20,17 - 32,11,74,6,20% for children under 12 years,$0.00,4,69.0,64.8,False,False,False,True,True,False,False,False,True,False,False,False,False,False,False,True,False,False,True,False,False,False,True,True,False,False,True,True
1286,Estrella de Mar,https://www.galapagosadvisor.com/ships/estrella-de-mar/,https://www.galapagosadvisor.com/media/1011/estrella-de-mar.jpg,"Estrella del Mar Yacht was designed for exploring the Galapagos Islands and is perfectly equipped with all the facilities needed for the comfort and safety of its guests. It features 8 double cabins with air conditioner, private bathroom with hot water, dining room, living room, bar and lounge; library, TV, DVD, stereo. Her ample sun decks provide wonderful open and shaded space to take in the Galapagos breeze and sun.",Tourist,1990,2014,Motor,Monohull,16,8 - 16,8,78,,Children under 12 years old have a discount of 30%,$0.00,4,75.0,68.5,False,False,False,False,True,False,False,False,False,False,False,False,False,False,True,True,True,False,False,False,False,False,True,True,False,False,True,False
1609,Evolution,https://www.galapagosadvisor.com/ships/evolution/,https://www.galapagosadvisor.com/media/1045/evolution-ship.jpg,"The Evolution has a capacity of up to 32 passengers, but the unexpected spacious decks and staterooms will give it a wonderful sense of intimacy at sea. The ship's fine lines and well appointed social areas give its passengers a sense of place, allowing them to enjoy the sundecks, bars, library, jacuzzi, salon and small boutique. It also has a medical officer on board at all times. Its comfortable cabins, all with private bathrooms, will ensure you have a wonderful night at sea.",Luxury,1970,2014,Motor,Monohull,32,17 - 32,16,82,5,15 % off cruise rates (not applicable to holidays),$0.00,2,68.0,67.0,True,True,False,True,True,True,True,True,True,True,False,True,False,False,True,True,False,True,True,True,False,True,True,False,True,True,True,True
1287,Flamingo,https://www.galapagosadvisor.com/ships/flamingo/,https://www.galapagosadvisor.com/media/1055/new-flamingo-yacht.jpg,"This economic New Flamingo was recently remodeled and nicely accommodates 10 passengers in double rooms with bunk beds. Unlike many other boats in this category, all rooms aboard the New Flamingo are fully air-conditioned and include a private bathroom with hot water. Passengers enjoy the intimate setting of a small boat with comfortable common areas. She offers an ample sun deck and dining hall where guests can visit or just unwind while voyaging to the next amazing island. Guests will also appreciate the option of occasional diving while aboard.",Tourist,2004,2013,Motor,Monohull,10,8 - 16,5,78,,$100 discount for children under 2-11 years of age.,$0.00,6,63.0,62.2,False,False,False,False,True,False,False,False,False,False,False,False,False,False,True,True,True,False,False,False,False,True,True,True,False,True,False,False
3900,Flora,https://www.galapagosadvisor.com/ships/flora/,https://www.galapagosadvisor.com/media/1403195/t1120flora1_hr.jpg,"Celebrity Flora offers the largest and most luxurious accommodations in the Galapagos Islands. In fact, every stateroom on board is a suite that includes an unrivaled array of indulgent design features, services, and amenities. Full room automation that lets you control everything with the touch of a button. Premium linens and bathrobes. Personal Suite Attendants. Chocolates and bath products sourced locally from Ecuador. Integrated drinking water filtration systems in every suite. We could go on. On Celebrity Flora unwinding after a day of adventures in the islands easier than ever.",Luxury,2019,0,Motor,Monohull,0,61 - 100,0,,,,,0,,,False,False,False,False,False,False,False,False,False,False,False,False,False,False,False,False,False,False,False,False,False,False,False,False,False,False,False,False
1288,Floreana,https://www.galapagosadvisor.com/ships/floreana/,https://www.galapagosadvisor.com/media/1063/floreana-ship.jpg,"Because we are a locally based family we can assure our guests that we will be on hand to ensure that your trip to the Islands is a trip of a lifetime. Our motor yacht ‘Floreana’ has the highest standards for both quality and safety - besides her comfort, the character of the ship and her experienced crew ensures our guests the trip of a lifetime. Add to this a sprinkle of kindness and support from the family (who are the ship's direct managers and the usual Captain) and we believe that this makes ‘Floreana’ the perfect choice for a vacation to the unique Galapagos Islands.",Tourist Superior,1998,2013,Motor,Monohull,16,8 - 16,8,78,6,25% discount for children between 6 an 12 years,$0.00,2,68.0,65.0,False,False,False,False,True,False,True,False,True,False,False,False,False,False,False,True,True,False,False,False,False,False,True,True,False,False,False,True
1289,Fragata,https://www.galapagosadvisor.com/ships/fragata/,https://www.galapagosadvisor.com/media/1012/fragata400x267.jpg,"The Fragata is a spacious and comfortable owner-operated motor yacht that accommodates 16 passengers in cozy double, matrimonial and single cabins, all decorated and equipped to provide guests a relaxing cruise in the Galapagsos islands. Fragata welcomes you on board and invites you to discover the pristine habitat of the archipelago's unique animals and primeval flora and fauna.",Tourist Superior,1994,2013,Motor,Monohull,16,8 - 16,8,98,,"10% discount for children from 0 to 5 years old, depending on the season",$0.00,4,70.0,66.0,False,False,False,False,True,False,False,False,False,False,False,False,False,False,True,True,False,False,False,True,False,False,True,False,True,False,True,True
1293,GALAPAGOS SEA STAR,https://www.galapagosadvisor.com/ships/galapagos-sea-star/,https://www.galapagosadvisor.com/media/1066/grand-odyssey-ship.jpg,"Our yacht combines a contemporary design, privacy and comfort all within the marvelous setting of the Galapagos Islands. It has a capacity of up to 16 passengers, featuring seven spacious Galapagos Suites – Matrimonial (approx. 25,2 m) and one Sea Star Suite (approx. 35,2 m) equipped with panoramic windows to enjoy the wonderful landscapes of the islands. These come with a private bathroom, hot/cold water, air conditioning (with independent controls), a minibar and TV. Twin beds (or one faux queen bed) and connected suites are available for families.",Luxury,2011,2013,Motor,Monohull,16,8 - 16,8,82,3,Child discount: 20% of net rate. Only applicable for children under 12 years travelling with two adults,$0.00,3,66.0,65.3,True,True,False,True,True,True,True,False,True,True,False,False,True,False,False,True,False,True,True,False,True,True,True,True,True,False,False,True
1291,Galaxy,https://www.galapagosadvisor.com/ships/galaxy/,https://www.galapagosadvisor.com/media/1013/galaxy.jpg,"The Galaxy Yacht gives you wonderful options for visiting the Galapagos Islands with four, five, or eight day cruises. Sixteen passengers can be comfortably accommodated in the nine fully air-conditioned, double cabins; each with a private bathroom and hot water. There is also a telephone for internal communication, speaker, and safe deposit box in each room. The attractive common areas of the boat include a dining room, bar and lounge, coffee station with refreshments (coffee, tea, drinking water and herbal infusions), library with TV/ DVD, and sundeck for your enjoyment.",First Class,2006,2014,Motor,Monohull,16,8 - 16,8,74,6,Children discount (under 12 years old): 10%,$0,5,67.0,66.0,True,False,False,True,True,True,True,True,True,False,False,False,False,False,False,True,False,False,True,True,False,False,True,True,True,False,True,True
4228,Galaxy Diver,https://www.galapagosadvisor.com/ships/galaxy-diver/,https://www.galapagosadvisor.com/media/1403214/galaxy-diver-exterior-1.jpg,"The totally 100% renovated exclusive liveaboard will take you to the most incredible locations and allow you to discover the hidden underwater live of the Galapagos Islands. Live a world-class diving experience surrounded by sharks, whales, manta rays, rays, turtles, penguins, iguanas, sea lions and much more, all in one place.",Tourist Superior,0,2022,Motor,Monohull,12,8 - 16,8,,6,10% discount for children under 12 years old,,0,,,True,False,False,False,True,False,True,True,True,False,False,False,False,False,False,True,False,False,True,True,False,False,False,False,True,False,True,False
1292,Golondrina,https://www.galapagosadvisor.com/ships/golondrina/,https://www.galapagosadvisor.com/media/1030/golondrina400x267.jpg,"The Golondrina is a spacious and comfortable motor yacht that accommodates 16 passengers in comfortable double cabins, all furnished and equipped to provide guests a relaxing cruise in the Galapagos Islands. The Golondrina welcomes you aboard and invites you to discover the unique animals pristine habitat and lush flora and fauna of the Galapagos Archipelago. These mythical Ecuadorian islands are home to thousands of unique species in the world, you will have the opportunity to meet them and to track trends over hundreds of years, come enjoy this exciting journey full of adventures and fun in the Galapagos Islands...",Tourist,1970,2012,Motor,Monohull,16,8 - 16,8,82,,10% descount for less than 5 years,$0.00,5,70.0,64.8,False,False,False,False,True,False,False,False,False,False,False,False,False,False,True,True,True,False,False,True,False,False,True,True,True,False,False,True
1587,Grace,https://www.galapagosadvisor.com/ships/grace/,https://www.galapagosadvisor.com/media/1065/grace-ship.jpg,"The 18 passenger Grace has traversed the waters of this world under many names, but has been rechristened with a name that takes her back into her history; to the very best of her times. Named after her late owner, Princess Grace of Monaco, the name is a representation of her elegance, beauty and prestige. It's the ideal yacht for the traveler who seeks a true explorer experience, complemented with excellent service, superb accommodations and fine dining. All who travel aboard this yacht will be part of a unique mission: to bring to life the natural living legacy of the islands through an experience unlike any other in Galapagos.",Luxury,1928,2014,Motor,Monohull,16,17 - 32,9,87,5,15% off cruise rates. Not applicable to holiday sailings,$0.00,2,69.0,66.5,True,True,False,True,True,True,True,True,True,True,False,False,False,False,True,True,False,False,True,True,False,False,True,False,True,True,True,True
1299,Grand Majestic,https://www.galapagosadvisor.com/ships/grand-majestic/,https://www.galapagosadvisor.com/media/1075/exterior-3.jpg,"Grand Majestic is the only modern charter yacht cruising the Galapagos. This elegantly sporty yacht is the fastest in the Islands and offers high-quality service, a Master Suite and luxurious social areas. O n the sundeck, you will have the opportunity to relax with a drink from the bar or soak in the jacuzzi. Our nine double cabins equipped with air conditioning and private bathroom with hot water.",First Class,2018,0,Motor,Monohull,16,8 - 16,8,,6,"10% discount for children under 12 years old, on the date of travel. 1 child for each adult",$0.00,4,66.0,64.5,True,True,True,True,True,True,True,True,True,True,False,False,False,False,False,True,False,False,False,True,False,False,True,True,True,False,True,True
4229,Hermes,https://www.galapagosadvisor.com/ships/hermes/,https://www.galapagosadvisor.com/media/1403215/hermes-ship.png,"Hermes Mega Catamaran is the first Ultra-Luxury Cruise to sail in the Galapagos Islands. With a guest capacity capped at 20 guests maximum, Hermes provides an unrivalled experience through exclusivity, high end ammenities and a crew to guest ratio of almost 1 to 1. Onboard Hermes you can experience the intimacy of a small vessel without compromising the amenities of a larger cruise ship. All of our Suites feature their own private balconies and private jacuzzi overlooking the ocean. Enjoy from our premium beverage menu complimentary during your stay. Relax after a day of discovery in the islands with the pampering of our butler service or from purification in our Hammam with views to stunning Galapagos’ landscapes.",Luxury,0,0,Motor,Catamaran,20,17 - 32,10,,6,"Child discount is 15% if travelling with 2 adults and under 12 years of age. Discount does not apply on discounted, promotional rates, or peak season.",,0,,,True,False,False,True,True,True,True,True,True,True,False,False,False,False,False,True,False,True,True,True,True,False,True,True,True,False,True,True
4227,Horizon,https://www.galapagosadvisor.com/ships/horizon/,https://www.galapagosadvisor.com/media/1403213/horizon-ship.png,"Horizon is outfitted with 8 elegant and ample cabins, each with their own private balcony. Her amenities include a modern lounge, bar, al fresco dining area, and an extensive solarium with jacuzzi, designed to catch the best sights that the islands can offer, surrounded by endless charm. This cruise can comfortably accommodate 16 travelers who can choose 4, 5 or 8-day itineraries, visiting the most outstanding points in the islands, led by a certified bilingual naturalist guide and enjoying excellent service provided by crew members and a cruise director.",Luxury,2018,0,Motor,Monohull,16,8 - 16,8,,6,10% discount for children under 12 years old. 1 child per/1 adult adulto,,0,,,True,False,True,True,True,True,True,True,True,True,False,False,False,False,False,True,False,False,False,True,True,False,True,True,True,False,True,False
3782,Infinity,https://www.galapagosadvisor.com/ships/infinity/,https://www.galapagosadvisor.com/media/1403161/infinity-exterior-1.jpg,The Infinity is our most modern yacht (2018) with unrivalled spacious luxurious cabins and suites. Outside dining and bar and also a solarium allow you to cruise the Galapagos in tremendous style and sumptuous luxury. All eight cabins and two suites have private balconies.,Luxury,2018,0,Motor,Monohull,20,17 - 32,10,,6,10% for children under 12 years old on the date of travel. 1 child per adult,,4,72.0,65.5,True,True,True,True,True,True,True,True,True,True,False,False,False,False,True,True,False,True,False,True,True,False,True,True,True,False,True,False
1295,Integrity,https://www.galapagosadvisor.com/ships/integrity/,https://www.galapagosadvisor.com/media/1069/integrity-ship.jpg,"Integrity—a 141 ft. luxury yacht customized to carry 16 adventurers in comfort, safety and style. Built in the USA, the Integrity conforms to exacting standards for luxury Galápagos cruising. All systems including engines, stabilizers, electronics, water filtration and sterilization are new, as are the interior decorations and furnishings. With its huge state-of-the-art stabilizers and engine vibration control system, the Integrity will carry you through Darwin's Islands more smoothly than any other yacht. You'll enjoy peerless comfort as you tuck into your spacious, cabin or relax in the sun and watch the frigates soar overhead!",Luxury,2005,2016,Motor,Monohull,16,8 - 16,9,77,8,$500 ages 8-17,$0.00,2,70.0,67.0,True,True,False,True,True,True,True,True,True,True,False,False,False,False,False,True,False,False,False,True,False,False,True,False,True,True,True,True
1296,ISABELA II,https://www.galapagosadvisor.com/ships/isabela-ii/,https://www.galapagosadvisor.com/media/1070/ship_147311440643.jpg,"With a capacity of only forty guests, Isabela II offers a relaxed atmosphere where guests can enjoy an unforgettable Galapagos expedition, and fully experience their sense of discovery and bonding with nature. Our classic Yacht Isabela II offers an in-depth week-long itinerary, allowing guests to enjoy all the flora and fauna that the Galapagos Islands are famous for. Passengers aboard Isabela II will enjoy its three public decks which include a bar/lounge, an ample sundeck, an elegant dining room, an observation area, a reading room, a library, a Jacuzzi and a boutique/shop.",First Class,1979,2016,Motor,Monohull,40,33 - 60,20,78,6,Children under 12 sharing a cabin with an adult: 10% off. This discount will not be applied in Peak Season departures,$0.00,3,70.0,67.0,True,True,False,True,True,True,True,True,True,True,True,True,True,True,False,True,False,False,True,True,False,False,True,True,True,True,True,True
1297,King of the Sea,https://www.galapagosadvisor.com/ships/king-of-the-sea/,https://www.galapagosadvisor.com/media/1072/king-of-the-seas-2.jpg,The King of the Seas is one of the smaller yachts out there that accommodates only 12 passengers. This economic Yacht offers just the necessary comfort for a great and affordable price.,Tourist,1981,2012,Motor,Monohull,12,8 - 16,6,75,4,10% discount for children under 12 years,$0.00,6,66.0,63.0,False,False,False,False,True,False,False,False,True,False,False,False,False,False,False,True,False,False,False,False,False,False,True,True,False,False,False,True
1298,LA PINTA,https://www.galapagosadvisor.com/ships/la-pinta/,https://www.galapagosadvisor.com/media/1073/la-pinta-ship.jpg,"Galapagos explorers can now enjoy an expedition adventure in the comfort and safety of the 48-guest yacht La Pinta. La Pinta offers a relaxed yet lavish expedition atmosphere, with plush outside cabins featuring fine cotton linen, duvets, and choice of pillows. The crew is made up of professionals, passionate about the Galapagos and ready to cater to the needs of the most discerning guests. While on-board La Pinta, guests will enjoy our highest standards of service.",Luxury,2007,2016,Motor,Monohull,48,33 - 60,24,78,4,Children under 12 sharing a cabin with one adult: 10% off.,$0.00,3,69.0,66.7,True,True,False,True,True,True,True,True,True,True,True,True,True,False,False,True,False,True,True,True,False,False,True,True,True,True,True,True
1589,LEGEND,https://www.galapagosadvisor.com/ships/legend/,https://www.galapagosadvisor.com/media/1074/legend-ship.jpg,"This legendary, one hundred-passenger, Luxury vessel offers all the amenities of a large cruise liner without sacrificing the intimacy you'd expect on a small sailing craft. The luxurious Legend is equipped with five decks, a swimming pool, and a library. She also has exercise equipment, international phone/fax/Internet, 24-hour/pay medical service, the most technologically advanced safety system in the archipelago, and much more. Enjoy the wonders of the Galapagos while being catered to by our",Luxury,2002,2013,Motor,Monohull,100,61 - 100,57,74,6,25% discount sharing cabin with full-fare paying guests. 50% discount sharing cabin with two full-fare paying guests where the triple cabin is possible,$180,6,69.0,66.0,True,True,True,True,True,True,True,False,True,True,False,True,True,True,True,True,False,True,True,True,True,False,True,True,True,True,True,True
1773,Lonesome George,https://www.galapagosadvisor.com/ships/lonesome-george/,https://www.galapagosadvisor.com/media/1090/lonesome-george-ship.png,"This beautiful catamaran accommodates 16 people in 8 large double cabins, with 4 twin size beds, 2 triples and 2 singles beds each equipped with electric baths, hot water showers, air conditioning, electricity 12 and 120 volts. It also has dining areas inside and outside, complete navigation equipment, solar panel with which all instruments and systems are working the boat, which makes it completely ecological.",Tourist Superior,2014,2016,Motor & Sail,Catamaran,16,8 - 16,8,,,20% off for children under 11 years.,0,1,62.0,62.0,False,True,True,False,True,False,True,True,False,False,False,False,False,False,False,True,True,False,False,True,False,True,False,True,False,False,False,False
1300,MARY ANNE,https://www.galapagosadvisor.com/ships/mary-anne/,https://www.galapagosadvisor.com/media/1053/mary-anne-ship.jpg,"The Mary Anne is the perfect ship for those who love to travel by sail. She has 1,000 m 2 of canvas sails with which she majestically takes to the waves. This precious 3-masted barquentine, the only one of its kind in the islands, can accommodate up to 16 guests in her 4 double and 8 single cabins. All cabins have private bathrooms with hot water and are designed with 1 double lower berth and a single upper berth. She also features 2 double cabins with lower berths.",First Class,1997,2014,Motor & Sail,Monohull,16,8 - 16,12,79,,Children under 12 have a 25% discount,$0.00,2,70.0,63.5,False,True,False,True,True,True,True,False,True,False,False,False,False,False,True,True,False,False,True,True,False,True,True,True,True,False,True,True
1301,MERAK,https://www.galapagosadvisor.com/ships/merak/,https://www.galapagosadvisor.com/media/1050/velero-merak-28.jpg,"Merak is an attractive, small 8-person sailing yacht - and in fact the only available budget Galapagos yacht that can genuinely operate with sails (although it does not necessarily always do so). It is smaller than any other yacht and has fairly basic facilities but has always been popular among those looking for a good experience at a good price.",Tourist,1985,2016,Motor & Sail,Monohull,8,8 - 16,4,86,,25%,$0.00,3,67.0,66.0,False,False,False,False,True,False,False,True,True,False,False,False,False,True,True,True,True,False,False,False,False,False,True,True,False,True,True,False
1590,MONSERRAT,https://www.galapagosadvisor.com/ships/monserrat/,https://www.galapagosadvisor.com/media/1054/monserrat-ship.jpg,"Monserrat is named after the Virgin of Montserrat, patroness of Catalonia in Spain. For centuries, sailors worldwide have adopted her as their loyal companion and have revered her as their protector through their journeys at sea. Our yacht proudly carries her name as an amulet for both our sailors and guests. Through our commitment to personalized service and attention to detail, Monserrat Galapagos Expeditions aims to create the perfect setting for an unforgettable experience on the enchanted islands.",First Class,2005,2011,Motor,Monohull,20,17 - 32,10,78,,CHILD DISCOUNT: 15% (Child must be under 12 years) One child discount per every 2 adults fare paid.,$0.00,8,66.0,63.0,False,False,False,True,True,True,True,True,True,False,False,False,False,False,True,True,False,False,True,False,False,True,True,False,False,False,True,True
1758,NATURAL PARADISE,https://www.galapagosadvisor.com/ships/natural-paradise/,https://www.galapagosadvisor.com/media/1086/naturalparadise-ship.jpg,"Natural Paradise is a new luxury yacht for those travelers with discerning tastes. This intimate, customized vessel transports 16 passengers through the enchanted Galapagos Islands on 8, 5 and 4 day itineraries. Snorkeling gear, wetsuit and underwater camera are available for your use. After a day of exploring the Galapagos’ unique environment, relax with a cocktail from the bar in the main deck sitting area, or up on the spacious sundeck which has chaise lounges and a jacuzzi, as well as an al fresco dining area. The upper deck double cabins enjoy a private balcony from where to watch the moonlight reflect over the waves.",Luxury,2015,2015,Motor,Monohull,16,8 - 16,9,,6,10% discount for children under 12 years old on the date of travel. 1 child for each adult,,4,66.0,65.0,True,False,True,True,True,False,True,True,True,True,False,False,False,False,False,True,False,False,False,True,True,False,True,True,True,False,False,False
1303,NEMO I,https://www.galapagosadvisor.com/ships/nemo-i/,https://www.galapagosadvisor.com/media/1052/nemo-1-ship.png,"The Nemo I is a 14-passenger sailing catamaran, offering a unique cruising experience in the Galapagos. It was designed and built in France by Dufour & Sparks. On the Nemo I, you will experience the Galapagos to its fullest. Most social areas are open deck spaces where you will constantly enjoy spectacular views of the islands and their volcanic rock formations. These areas include various lounges and catamaran netting at the front. Meals are served in the indoor and outdoor dining areas. When weather conditions permit we can turn off the engines and raise the sails, navigating silently through one the world’s natural wonders.",Tourist Superior,1996,2014,Motor & Sail,Catamaran,14,8 - 16,7,76,,20% discount for children less than 12 years old,$0.00,8,73.0,66.9,False,True,False,True,True,False,True,False,True,False,False,False,False,False,True,True,False,False,False,False,False,False,True,True,False,False,True,True
1304,NEMO II,https://www.galapagosadvisor.com/ships/nemo-ii/,https://www.galapagosadvisor.com/media/1017/nemo-ii-ship-2.jpg,"The Nemo II is a large trans-oceanic, alumarine, 72-foot, multihull yacht; a wonderfully stable cruising vessel. Her availability for charters makes her an ideal choice for families and groups of friends. Divers will appreciate that she comes fully equipped with diving gear. Nemo II was specially designed by Lagenvin to take up to 12 passengers, accommodated in seven double cabins, each with a private bathroom. The ingeniously designed salon, vast cockpit and unique exterior surface make this beautiful catamaran an exceptional choice for your Galapagos cruise.",First Class,0,2014,Motor & Sail,Catamaran,14,8 - 16,7,76,3,Child discount: 25%. Only applicable for children under 12 years,$0.00,4,70.0,65.2,False,True,False,True,True,False,True,False,True,False,False,False,False,False,False,True,False,False,True,True,False,True,True,False,True,False,True,True
1305,NEMO III,https://www.galapagosadvisor.com/ships/nemo-iii/,https://www.galapagosadvisor.com/media/1018/nemo-iii.jpg,"Nemo III motor sail catamaran offers 8 days luxury cruise (Sunday to Sunday) in the Galapagos Islands, with daily excursions to different islands in 2 itineraries (North and South) switching between them every week. The ship boast a great jacuzzi on the sun deck - there are few better ways to enjoy happy hour after a day of excursions.",First Class,1990,2014,Motor & Sail,Catamaran,16,8 - 16,8,76,3,"25% discount, Only applicable for children under 12 years.",$0.00,6,67.0,65.7,False,True,False,True,True,False,True,False,True,True,False,False,False,False,False,True,False,False,True,True,False,True,True,False,True,False,True,True
1307,OCEAN SPRAY,https://www.galapagosadvisor.com/ships/ocean-spray/,https://www.galapagosadvisor.com/media/1056/ocean_spray-ship.jpg,"The Mega-Catamaran Ocean Spray offers the best performance and comfort in Galapagos Cruising. The elegant design includes a huge sundeck, Jacuzzi and spacious cabins each with private balcony. Her speed, comfort, top guides and itinerary will make Ocean Spray perfect for your luxury Galapagos cruise. Kayaks are also available for use. Cruise itineraries on the Ocean Spray range from a 4 day introduction to the Galapagos to a 15 day mega cruise where you'll thoroughly explore the Galapagos from end-to-end.",Luxury,2011,2014,Motor,Catamaran,16,8 - 16,9,78,7,"25% Discount for children under 12 years old (1 child per 2 adults). Discounts for children do not apply during Christmas, New Year's and Easter dates",$0.00,6,70.0,66.0,True,True,False,True,True,True,True,True,True,True,False,False,False,False,True,True,False,False,True,True,True,False,True,True,True,False,False,False
1306,ODYSSEY,https://www.galapagosadvisor.com/ships/odyssey/,https://www.galapagosadvisor.com/media/1088/yacht_odyssey_3test2.jpg,"Climb aboard the Odyssey, and find your luxurious home away from home. Each of the ten cabins features individually controlled air-conditioning, a small desk, sofa, mini-bar & closet, storage drawers, and a spacious private bathroom with a hot water shower. Additionally, all cabins have three panoramic windows which can be opened to fresh sea breezes. The Odyssey has several elegant and inviting social areas where you can unwind outside of your room. Relax and enjoy the war",First Class,2008,2014,Motor,Monohull,16,8 - 16,10,82,6,Child discount: 20% of net rate. Only applicable for children under 12 years travelling with two adults,$0.00,3,67.0,65.3,False,True,False,True,True,True,True,False,True,True,False,False,False,False,False,True,False,False,True,True,False,True,True,True,True,False,True,True
1751,Origin Theory & Evolve,https://www.galapagosadvisor.com/ships/origin-theory-evolve/,https://www.galapagosadvisor.com/media/1083/origin.jpg,"The Origin combines modern sophistication and a high level of comfort and service, with quality guided land excursions in small groups, gastronomical experiences, exciting physical activities and a dose of intellectual science providing guests a life enriching experience.",Luxury,2016,0,Motor,Monohull,20,17 - 32,10,,11,15% discount for children age 17 and under,,2,67.0,66.0,True,True,False,True,True,True,True,True,True,True,True,False,True,True,False,True,False,True,True,True,False,False,True,True,True,False,True,False
1308,PASSION,https://www.galapagosadvisor.com/ships/passion/,https://www.galapagosadvisor.com/media/1057/passion-yacht-1.jpg,"Originally built as a private luxury yacht, the M/Y Passion has been completely refurbished while still retaining many of its elegant features such as its rose-colored marble bathrooms and teak wood decks. It offers a sense of relaxed refinement and exclusivity, as the boat was never before used for tourism. Ideal for families and private charters. The yacht boasts an exceptional amount of space for only 12 passengers. It has ample social areas, a panoramic sky lounge, separate dining room, spacious sun decks for al fresco dining and a secluded sun deck with jacuzzi.",Luxury,1973,2014,Motor,Monohull,12,8 - 16,6,,,N/A,$0.00,2,70.0,63.5,False,True,True,True,True,True,False,False,True,True,False,False,False,False,True,False,False,False,True,False,False,True,False,True,False,False,True,True
1571,PETREL,https://www.galapagosadvisor.com/ships/petrel/,https://www.galapagosadvisor.com/media/1058/petrel-ship.jpg,"The best way to see the Galapagos Islands is on board a luxury cruise. On the Petrel, guests travel in comfort to the different islands, where they have up-close encounters with blue-footed boobies, iguanas, giant tortoises, whales and more. It offers a deluxe way to visit these magical islands. A motorized catamaran, the Petrel is designed for comfort and stability and is outfitted with spacious cabins, a comfortable lounge, and Jacuzzi. On the Petrel, we emphasize the remarkable Natural History of Galapagos, selecting guides who are knowledgeable about biology and ecology in addition to having excellent language skills and client reviews.",Luxury,0,0,Motor,Catamaran,16,8 - 16,0,72,7,"25% Discount for children under 12 years old (1 child per 2 adults). Discounts for children do not apply during Christmas, New Year's and Easter dates",$0,6,70.0,65.2,False,True,True,True,True,True,True,True,True,True,False,False,False,False,False,True,False,False,False,False,True,False,True,False,False,False,False,False
3591,QUEEN OF GALAPAGOS,https://www.galapagosadvisor.com/ships/queen-of-galapagos/,https://www.galapagosadvisor.com/media/1403110/queen-of-galapagos.jpg,,Tourist Superior,2007,2014,Motor,Monohull,16,8 - 16,10,74,2,� 20%�discount for children less than 12 years traveling with two adults ��,$0.00,0,,,False,False,False,False,True,False,True,False,False,False,False,False,False,False,False,True,False,False,False,True,False,True,False,True,True,False,True,False
1311,REINA SILVIA,https://www.galapagosadvisor.com/ships/reina-silvia/,https://www.galapagosadvisor.com/media/1041/reina-silvia-ship.jpg,"This boat has features not found on other yachts of its class: A handy boarding and swim platform; an extended bow pulpit for scouting whales and dolphins; a large lounge and bar, with circular seating that assures you a 360-degree view of the Islands. You’ll cruise the islands in comfort, enjoying tasteful cuisine, informative lectures by the certified naturalist guide, and curling up in the library to read or watch nature films. The six staterooms have twin or king sized beds, and four rooms include a hidden berth for the third member of your party. All have air conditioning and a large, en-suite bathroom with full-size shower.",First Class,1983,2013,Motor,Monohull,12,8 - 16,6,74,6,20% discount for kids under 12,$0.00,2,71.0,67.0,False,False,False,True,True,True,True,False,True,False,False,False,False,False,False,True,False,False,True,False,False,False,True,True,False,False,True,True
1312,SAMBA,https://www.galapagosadvisor.com/ships/samba/,https://www.galapagosadvisor.com/media/1022/samba.jpg,"The 14 passenger Samba is a graceful, non-obtrusive vessel - it doesn't impose itself on the Galapagos landscape you are out there to experience. It's ideally suited to take you on a journey of exploration and introspection. The guides' focus is on nurturing a st ate of mind which encourages you to engage more fully with your natural surroundings. One cabin has a double bed, while the others have an extra-wide lower bunk, which can accommodate a cozy couple, plus a single upper berth. The steel-hulled yacht is air conditioned and all cabins have private bathrooms. There's an indoor salon and one outdoor dining area astern.",Tourist Superior,1966,2014,Motor & Sail,Monohull,14,8 - 16,7,80,7,"20% for less than 14 years of age, max 1 child / 2 adults.",$0.00,2,68.0,66.0,False,False,False,True,True,False,True,True,True,False,False,False,False,False,False,True,False,False,False,False,False,True,True,False,False,False,False,True
1313,SANTA CRUZ II,https://www.galapagosadvisor.com/ships/santa-cruz-ii/,https://www.galapagosadvisor.com/media/1087/71-barco-1.jpg,"The ship has a crew of 50, 8 Naturalist Guides and a permanently stationed medical officer available 24/7. The Santa Cruz II accommodates up to 90 guests with a generous amount of public and social areas, a reading room and natural history library, a restaurant and elegant dining areas, bar and lounges, and sundecks perfect for whale watching or sun bathing in comfortable loungers or in the ships Jacuzzi. The Santa Cruz is an exciting vessel to tour the Galapagos as they also feature a glass bottom, creating an interesting alternative to snorkeling!",First Class,2002,2015,Motor,Monohull,90,61 - 100,50,82,6,Children under 12 sharing a cabin with their parents or guardians: 25% off. (Applies only to one child per adult paying full fare),$0.00,3,68.0,65.0,True,True,False,True,True,True,True,False,True,True,True,True,True,True,False,True,False,True,True,True,False,False,True,True,True,True,True,True
1592,SEA MAN JOURNEY,https://www.galapagosadvisor.com/ships/sea-man-journey/,https://www.galapagosadvisor.com/media/1044/seaman-ii-galapagos-cruise.jpg,"The Seaman Journey has everything you need for a fantastic Galapagos Cruise. The catamaran features nine large, comfortable double cabins with outside views, private bathrooms, hot water, a locker and closet. The spacious rooms each have full air-conditioning and individual climate control. On-board you’ll also find a comfortable dining room, two bars, a lounge, library, TV/DVD, stereo, first aid, an ice maker, observation deck, a water purifier and spacious sundeck with chairs for relaxing in the sea breeze.",First Class,2007,2014,Motor,Catamaran,16,8 - 16,8,82,6,Child discount: 10% discount for one child. Only applicable for children under 12 years travelling with two adults.,$0.00,4,76.0,67.8,False,True,False,True,True,True,True,False,True,False,False,False,False,False,False,True,False,False,True,True,False,False,True,True,True,False,False,True
3763,Solaris,https://www.galapagosadvisor.com/ships/solaris/,https://www.galapagosadvisor.com/media/1403144/solaris1.jpg,"Welcome aboard Motor Yacht Solaris! This beautiful and modern yacht comprises comfort and relaxation into one. There’s a special and unique feature that can’t be underestimated- this Galapagos cruise is 100% solo traveller friendly! You can forget about single supplement headaches and join one of our 5 main deck cabins! Furthermore, our trained crew & cruise director, assisted by our naturalist guide, will be ready to serve your every need, making your stay as comfortable as possible.",First Class,0,0,Motor & Sail,Monohull,16,8 - 16,11,,,"Every 2 confirmed adults, 1 child has a 20% discount",,4,73.0,67.5,False,False,True,True,True,True,True,False,True,False,False,False,False,False,True,True,False,False,True,True,False,False,True,True,True,False,True,False
1315,TIP TOP II,https://www.galapagosadvisor.com/ships/tip-top-ii/,https://www.galapagosadvisor.com/media/1023/tip-top-ii-ship.jpg,"The 16 passenger catamaran, Tip Top II was built in 2008 and redesigned in 2015-2016 to offer the highest level of comfort and the best experience in the Islands. Locally owned and operated by a Galapagos family, we are constantly ensuring the best service on board.",First Class,2001,2015,Motor,Monohull,16,8 - 16,10,6,6,50% over the Gross rate for children between 6 to 11 years and 11 months old.,$0,4,72.0,65.5,False,False,False,True,True,True,True,False,True,False,False,False,False,False,False,True,False,True,False,True,True,False,True,True,True,False,False,True
1317,TIP TOP IV,https://www.galapagosadvisor.com/ships/tip-top-iv/,https://www.galapagosadvisor.com/media/1025/tip-top-iv.jpg,"The Tip Top IV continues the tradition of fine cruising as the latest superior Galapagos yacht in the Wittmer line. She has all of the fine features of her older sister ships, with a few more modern conveniences. Relax onboard with lavish amenities like the roomy sundeck, inviting dining room, well-stocked bar, full library, air conditioning, and carpeting throughout. Each of the craft's ten cabins comes with a private bathroom (equipped with both hot and cold water), a personal safe, and a wardrobe.",First Class,2006,2006,Motor,Monohull,16,8 - 16,10,6,6,50% over the Gross rate for children between 6 to 11 years and 11 months old.,0,4,68.0,67.0,False,False,False,True,True,True,True,False,True,False,False,False,False,False,False,True,False,True,False,True,True,False,True,True,True,False,False,True
3708,TIP TOP V,https://www.galapagosadvisor.com/ships/tip-top-v/,https://www.galapagosadvisor.com/media/1403118/tt-v-ship.jpg,This ship is newly constructed and starts service in May 2019.,First Class,2019,0,Motor,Catamaran,16,8 - 16,10,,6,50% over Gross Rate for childer between 6 to 11 years and 11 months old,"cost per gallon of diesel of US$3,50",0,,,False,True,False,True,True,True,True,False,True,False,False,False,False,False,False,True,False,True,False,True,True,False,False,True,False,False,False,False
1318,TREASURE OF GALAPAGOS,https://www.galapagosadvisor.com/ships/treasure-of-galapagos/,https://www.galapagosadvisor.com/media/1026/treasure.jpg,"Treasure of Galapagos catamaran cruise combines the best performance and comfort in Galapagos Cruising, accommodating 16 guests with the highest safety standards on ocean view suites each with a private balcony. Its neat design includes a sundeck, Jacuzzi and spacious social areas. Experience Galapagos in the Treasure of Galapagos cruise with the most qualified naturalist guides and be prepared to discover Galapagos Islands mysteries!!!",First Class,2009,2013,Motor,Catamaran,16,8 - 16,9,78,,"Every 2 confirmed adults, 1 child has a 20% discount",$0.00,3,66.0,63.3,False,False,True,True,True,True,True,False,True,True,False,False,False,False,True,True,False,False,True,True,True,True,True,True,True,False,True,True
1584,XPERIENCE,https://www.galapagosadvisor.com/ships/xperience/,https://www.galapagosadvisor.com/media/1061/eclipse-ship.jpg,"The Eclipse Luxury cruise ship was designed to offer an abundance of space with half the amount of passengers you would normally find on another similar cruise liner in the Galapagos. The impressive amenities guests can find onboard throughout her classic designs are the library/video room, interior dining area, an al fresco dining space, lounge, indoor and outdoor bar, boutique, swimming pool, souvenir shop and a jacuzzi perfect for watching the Galapagos drift by in total relaxation.",Luxury,1982,2014,Motor,Monohull,48,33 - 60,24,78,4,"Children under 12 years sharing the cabin with an adult 25% discount over the gross rates on all departures except Easter (April 8-15), Christmas (Dec 23-30) and New Year (Dec 30-Jan 06) cruises",$260,2,69.0,67.5,True,True,False,True,True,True,True,True,True,True,True,True,False,True,False,True,False,True,False,False,False,False,True,False,True,True,True,True
1580,XPLORATION,https://www.galapagosadvisor.com/ships/xploration/,https://www.galapagosadvisor.com/media/1046/athala-ship.jpg,"The Celebrity Xploration (formerly Athala) is one of the most stable and luxurious catamarans that cruise the Galapagos Islands. Their luxury services truly make the difference offering an unbeatable experience. The Cruise Manager onboard will take care of every guest's need while enjoying the spacious social areas including Jacuzzi, an ample indoor dining room, an al fresco area with spectacular views of the surrounding Galapagos Islands, exercise equipment and a large lounge with comfortable seating where daily briefing will take place, complemented with plenty of books, videos and documentaries.",Luxury,2007,2014,Motor,Catamaran,16,8 - 16,8,78,7,25% over the gross rate for less than 12 years except Easter (April 8-15) Christmas (Dec 23-30) and New Year (Dec 30-Jan 06) cruises,,2,69.0,67.5,True,True,True,True,True,True,True,True,True,True,True,False,False,False,False,True,False,True,False,False,True,False,True,True,False,True,True,True
1608,YOLITA II,https://www.galapagosadvisor.com/ships/yolita-ii/,https://www.galapagosadvisor.com/media/1040/yolita-exterior1.jpg,"The San Jose was carefully planned and built during 2004 in Guayaquil, Ecuador, with the comfort of her guests in mind. Each of the eight double cabins has full air-conditioning, a private bathroom, and is incredibly spacious. Additionally, the engine room is located below the living and dining room, ensuring that all guestrooms are the quiet island escape you want. The San Jose also offers plenty of open areas to relax; there are two carpeted deck areas with reclining chairs and and outdoor bar.",Tourist Superior,2007,2014,Motor,Monohull,16,8 - 16,10,74,2,� 20%�discount for children less than 12 years traveling with two adults ��,$0.00,4,74.0,65.5,False,False,False,False,True,False,True,False,False,False,False,False,False,False,False,True,False,False,False,True,False,True,False,True,True,False,True,False
